President,Start Date,End Date,Approving,Disapproving,Unsure/NoData
Barack Obama,16/01/2017,19/01/2017,59,37,4
Barack Obama,09/01/2017,15/01/2017,57,39,4
Barack Obama,02/01/2017,08/01/2017,55,42,3
Barack Obama,26/12/2016,01/01/2017,55,40,5
Barack Obama,19/12/2016,25/12/2016,56,40,4
Barack Obama,12/12/2016,18/12/2016,56,40,4
Barack Obama,05/12/2016,11/12/2016,57,40,3
Barack Obama,28/11/2016,04/12/2016,54,43,3
Barack Obama,21/11/2016,27/11/2016,56,40,4
Barack Obama,14/11/2016,20/11/2016,56,41,3
Barack Obama,07/11/2016,13/11/2016,57,41,2
Barack Obama,31/10/2016,06/11/2016,53,45,2
Barack Obama,24/10/2016,30/10/2016,54,44,2
Barack Obama,17/10/2016,23/10/2016,55,42,3
Barack Obama,10/10/2016,16/10/2016,54,43,3
Barack Obama,03/10/2016,09/10/2016,52,45,3
Barack Obama,26/09/2016,02/10/2016,53,44,3
Barack Obama,19/09/2016,25/09/2016,53,43,4
Barack Obama,12/09/2016,18/09/2016,52,44,4
Barack Obama,05/09/2016,11/09/2016,51,45,4
Barack Obama,29/08/2016,04/09/2016,52,44,4
Barack Obama,22/08/2016,28/08/2016,51,45,4
Barack Obama,15/08/2016,21/08/2016,51,44,5
Barack Obama,08/08/2016,14/08/2016,52,44,4
Barack Obama,01/08/2016,07/08/2016,52,45,3
Barack Obama,25/07/2016,31/07/2016,53,44,3
Barack Obama,18/07/2016,24/07/2016,49,47,4
Barack Obama,11/07/2016,17/07/2016,49,46,5
Barack Obama,04/07/2016,10/07/2016,51,45,4
Barack Obama,27/06/2016,03/07/2016,51,45,4
Barack Obama,20/06/2016,26/06/2016,50,46,4
Barack Obama,13/06/2016,19/06/2016,53,44,3
Barack Obama,06/06/2016,12/06/2016,53,43,4
Barack Obama,30/05/2016,05/06/2016,51,44,5
Barack Obama,23/05/2016,29/05/2016,52,44,4
Barack Obama,16/05/2016,22/05/2016,51,45,4
Barack Obama,09/05/2016,15/05/2016,51,45,4
Barack Obama,02/05/2016,08/05/2016,52,44,4
Barack Obama,25/04/2016,01/05/2016,51,46,3
Barack Obama,18/04/2016,24/04/2016,51,45,4
Barack Obama,11/04/2016,17/04/2016,48,47,5
Barack Obama,04/04/2016,10/04/2016,51,45,4
Barack Obama,28/03/2016,03/04/2016,51,45,4
Barack Obama,21/03/2016,27/03/2016,53,44,3
Barack Obama,14/03/2016,20/03/2016,50,46,4
Barack Obama,07/03/2016,13/03/2016,51,45,4
Barack Obama,29/02/2016,06/03/2016,50,46,4
Barack Obama,22/02/2016,28/02/2016,48,47,5
Barack Obama,15/02/2016,21/02/2016,48,48,4
Barack Obama,08/02/2016,14/02/2016,48,48,4
Barack Obama,01/02/2016,07/02/2016,47,50,3
Barack Obama,25/01/2016,31/01/2016,48,48,4
Barack Obama,18/01/2016,24/01/2016,48,47,5
Barack Obama,11/01/2016,17/01/2016,48,47,5
Barack Obama,04/01/2016,10/01/2016,47,49,4
Barack Obama,28/12/2015,03/01/2016,45,52,3
Barack Obama,21/12/2015,27/12/2015,48,49,3
Barack Obama,14/12/2015,20/12/2015,45,51,4
Barack Obama,07/12/2015,13/12/2015,45,50,5
Barack Obama,30/11/2015,06/12/2015,47,49,4
Barack Obama,23/11/2015,29/11/2015,46,49,5
Barack Obama,16/11/2015,22/11/2015,44,52,4
Barack Obama,09/11/2015,15/11/2015,49,47,4
Barack Obama,02/11/2015,08/11/2015,49,48,3
Barack Obama,26/10/2015,01/11/2015,47,49,4
Barack Obama,19/10/2015,25/10/2015,46,50,4
Barack Obama,12/10/2015,18/10/2015,46,50,4
Barack Obama,05/10/2015,11/10/2015,46,50,4
Barack Obama,28/09/2015,04/10/2015,47,49,4
Barack Obama,21/09/2015,27/09/2015,48,49,3
Barack Obama,14/09/2015,20/09/2015,46,51,3
Barack Obama,07/09/2015,13/09/2015,46,49,5
Barack Obama,31/08/2015,06/09/2015,46,50,4
Barack Obama,24/08/2015,30/08/2015,46,50,4
Barack Obama,17/08/2015,23/08/2015,44,51,5
Barack Obama,10/08/2015,16/08/2015,46,49,5
Barack Obama,03/08/2015,09/08/2015,46,50,4
Barack Obama,27/07/2015,02/08/2015,46,49,5
Barack Obama,20/07/2015,26/07/2015,46,50,4
Barack Obama,13/07/2015,19/07/2015,46,48,6
Barack Obama,06/07/2015,12/07/2015,46,49,5
Barack Obama,29/06/2015,05/07/2015,46,49,5
Barack Obama,22/06/2015,28/06/2015,47,49,4
Barack Obama,15/06/2015,21/06/2015,45,50,5
Barack Obama,08/06/2015,14/06/2015,45,49,6
Barack Obama,01/06/2015,07/06/2015,46,49,5
Barack Obama,25/05/2015,31/05/2015,47,49,4
Barack Obama,18/05/2015,24/05/2015,46,49,5
Barack Obama,11/05/2015,17/05/2015,47,49,4
Barack Obama,04/05/2015,10/05/2015,47,48,5
Barack Obama,27/04/2015,03/05/2015,48,48,4
Barack Obama,20/04/2015,26/04/2015,45,49,6
Barack Obama,13/04/2015,19/04/2015,46,50,4
Barack Obama,06/04/2015,12/04/2015,48,48,4
Barack Obama,30/03/2015,05/04/2015,47,48,5
Barack Obama,23/03/2015,29/03/2015,46,49,5
Barack Obama,16/03/2015,22/03/2015,45,50,5
Barack Obama,09/03/2015,15/03/2015,47,48,5
Barack Obama,02/03/2015,08/03/2015,46,49,5
Barack Obama,23/02/2015,01/03/2015,45,50,5
Barack Obama,16/02/2015,22/02/2015,46,49,5
Barack Obama,09/02/2015,15/02/2015,47,48,5
Barack Obama,02/02/2015,08/02/2015,46,49,5
Barack Obama,26/01/2015,01/02/2015,47,48,5
Barack Obama,19/01/2015,25/01/2015,49,47,4
Barack Obama,12/01/2015,18/01/2015,46,49,5
Barack Obama,05/01/2015,11/01/2015,46,48,6
Barack Obama,29/12/2014,04/01/2015,46,48,6
Barack Obama,22/12/2014,28/12/2014,44,50,6
Barack Obama,15/12/2014,21/12/2014,45,51,4
Barack Obama,08/12/2014,14/12/2014,43,52,5
Barack Obama,01/12/2014,07/12/2014,43,52,5
Barack Obama,24/11/2014,30/11/2014,43,52,5
Barack Obama,17/11/2014,23/11/2014,42,53,5
Barack Obama,10/11/2014,16/11/2014,42,52,6
Barack Obama,03/11/2014,09/11/2014,40,54,6
Barack Obama,27/10/2014,02/11/2014,42,53,5
Barack Obama,20/10/2014,26/10/2014,42,53,5
Barack Obama,13/10/2014,19/10/2014,41,54,5
Barack Obama,06/10/2014,12/10/2014,41,55,4
Barack Obama,29/09/2014,05/10/2014,43,53,4
Barack Obama,22/09/2014,28/09/2014,42,52,6
Barack Obama,15/09/2014,21/09/2014,43,52,5
Barack Obama,08/09/2014,14/09/2014,41,54,5
Barack Obama,01/09/2014,07/09/2014,40,53,7
Barack Obama,25/08/2014,31/08/2014,41,53,6
Barack Obama,18/08/2014,24/08/2014,43,51,6
Barack Obama,11/08/2014,17/08/2014,41,53,6
Barack Obama,04/08/2014,10/08/2014,42,53,5
Barack Obama,28/07/2014,03/08/2014,42,54,4
Barack Obama,21/07/2014,27/07/2014,41,53,6
Barack Obama,14/07/2014,20/07/2014,43,51,6
Barack Obama,07/07/2014,13/07/2014,42,53,5
Barack Obama,30/06/2014,06/07/2014,43,52,5
Barack Obama,23/06/2014,29/06/2014,42,52,6
Barack Obama,16/06/2014,22/06/2014,41,55,4
Barack Obama,09/06/2014,15/06/2014,42,52,6
Barack Obama,02/06/2014,08/06/2014,44,50,6
Barack Obama,26/05/2014,01/06/2014,44,51,5
Barack Obama,19/05/2014,25/05/2014,43,52,5
Barack Obama,12/05/2014,18/05/2014,44,51,5
Barack Obama,05/05/2014,11/05/2014,45,50,5
Barack Obama,28/04/2014,04/05/2014,44,50,6
Barack Obama,21/04/2014,27/04/2014,44,50,6
Barack Obama,14/04/2014,20/04/2014,44,50,6
Barack Obama,07/04/2014,13/04/2014,43,51,6
Barack Obama,31/03/2014,06/04/2014,44,51,5
Barack Obama,24/03/2014,30/03/2014,43,52,5
Barack Obama,17/03/2014,23/03/2014,44,51,5
Barack Obama,10/03/2014,16/03/2014,40,54,6
Barack Obama,03/03/2014,09/03/2014,43,53,4
Barack Obama,24/02/2014,02/03/2014,42,54,4
Barack Obama,17/02/2014,23/02/2014,45,51,4
Barack Obama,10/02/2014,16/02/2014,40,53,7
Barack Obama,03/02/2014,09/02/2014,41,51,8
Barack Obama,27/01/2014,02/02/2014,42,50,8
Barack Obama,20/01/2014,26/01/2014,42,50,8
Barack Obama,13/01/2014,19/01/2014,40,52,8
Barack Obama,06/01/2014,12/01/2014,41,51,8
Barack Obama,02/01/2014,05/01/2014,41,53,6
Barack Obama,23/12/2013,29/12/2013,43,51,6
Barack Obama,16/12/2013,22/12/2013,40,52,8
Barack Obama,09/12/2013,15/12/2013,42,50,8
Barack Obama,02/12/2013,08/12/2013,41,51,8
Barack Obama,25/11/2013,01/12/2013,42,52,6
Barack Obama,18/11/2013,24/11/2013,40,53,7
Barack Obama,11/11/2013,17/11/2013,41,52,7
Barack Obama,04/11/2013,10/11/2013,41,52,7
Barack Obama,28/10/2013,03/11/2013,41,52,7
Barack Obama,21/10/2013,27/10/2013,43,50,7
Barack Obama,14/10/2013,20/10/2013,43,51,6
Barack Obama,07/10/2013,13/10/2013,42,52,6
Barack Obama,30/09/2013,06/10/2013,44,50,6
Barack Obama,23/09/2013,29/09/2013,45,48,7
Barack Obama,16/09/2013,22/09/2013,44,47,9
Barack Obama,09/09/2013,15/09/2013,45,46,9
Barack Obama,02/09/2013,08/09/2013,44,48,8
Barack Obama,26/08/2013,01/09/2013,44,48,8
Barack Obama,19/08/2013,25/08/2013,46,46,8
Barack Obama,12/08/2013,18/08/2013,46,45,9
Barack Obama,05/08/2013,11/08/2013,44,48,8
Barack Obama,29/07/2013,04/08/2013,45,48,7
Barack Obama,22/07/2013,28/07/2013,46,47,7
Barack Obama,15/07/2013,21/07/2013,47,46,7
Barack Obama,08/07/2013,14/07/2013,46,47,7
Barack Obama,01/07/2013,07/07/2013,46,46,8
Barack Obama,24/06/2013,30/06/2013,47,45,8
Barack Obama,17/06/2013,23/06/2013,46,46,8
Barack Obama,10/06/2013,16/06/2013,47,46,7
Barack Obama,03/06/2013,09/06/2013,48,45,7
Barack Obama,27/05/2013,02/06/2013,48,44,8
Barack Obama,20/05/2013,26/05/2013,49,44,7
Barack Obama,13/05/2013,19/05/2013,49,44,7
Barack Obama,06/05/2013,12/05/2013,49,44,7
Barack Obama,29/04/2013,05/05/2013,50,44,6
Barack Obama,22/04/2013,28/04/2013,51,42,7
Barack Obama,15/04/2013,21/04/2013,50,43,7
Barack Obama,08/04/2013,14/04/2013,49,45,6
Barack Obama,01/04/2013,07/04/2013,48,45,7
Barack Obama,25/03/2013,30/03/2013,48,45,7
Barack Obama,18/03/2013,24/03/2013,47,45,8
Barack Obama,11/03/2013,17/03/2013,48,46,6
Barack Obama,04/03/2013,10/03/2013,49,44,7
Barack Obama,25/02/2013,03/03/2013,49,44,7
Barack Obama,18/02/2013,24/02/2013,51,42,7
Barack Obama,11/02/2013,17/02/2013,51,43,6
Barack Obama,04/02/2013,10/02/2013,52,42,6
Barack Obama,28/01/2013,03/02/2013,53,42,5
Barack Obama,21/01/2013,27/01/2013,52,43,5
Barack Obama,14/01/2013,20/01/2013,50,43,7
Barack Obama,07/01/2013,13/01/2013,54,41,5
Barack Obama,31/12/2012,06/01/2013,53,40,7
Barack Obama,24/12/2012,30/12/2012,53,41,6
Barack Obama,17/12/2012,23/12/2012,57,37,6
Barack Obama,10/12/2012,16/12/2012,52,40,8
Barack Obama,03/12/2012,09/12/2012,50,44,6
Barack Obama,26/11/2012,02/12/2012,51,42,7
Barack Obama,19/11/2012,25/11/2012,52,40,8
Barack Obama,12/11/2012,18/11/2012,53,41,6
Barack Obama,05/11/2012,11/11/2012,51,43,6
Barack Obama,29/10/2012,04/11/2012,52,45,3
Barack Obama,22/10/2012,28/10/2012,50,45,5
Barack Obama,15/10/2012,21/10/2012,50,45,5
Barack Obama,08/10/2012,14/10/2012,50,45,5
Barack Obama,01/10/2012,07/10/2012,52,43,5
Barack Obama,24/09/2012,30/09/2012,48,45,7
Barack Obama,17/09/2012,23/09/2012,49,45,6
Barack Obama,10/09/2012,16/09/2012,50,44,6
Barack Obama,03/09/2012,09/09/2012,50,44,6
Barack Obama,27/08/2012,02/09/2012,44,47,9
Barack Obama,20/08/2012,26/08/2012,46,47,7
Barack Obama,13/08/2012,19/08/2012,45,49,6
Barack Obama,06/08/2012,12/08/2012,45,49,6
Barack Obama,30/07/2012,05/08/2012,45,48,7
Barack Obama,23/07/2012,29/07/2012,47,47,6
Barack Obama,16/07/2012,22/07/2012,45,48,7
Barack Obama,09/07/2012,15/07/2012,46,47,7
Barack Obama,02/07/2012,08/07/2012,45,46,9
Barack Obama,25/06/2012,01/07/2012,47,46,7
Barack Obama,18/06/2012,24/06/2012,46,48,6
Barack Obama,11/06/2012,17/06/2012,46,48,6
Barack Obama,04/06/2012,10/06/2012,47,46,7
Barack Obama,28/05/2012,03/06/2012,46,46,8
Barack Obama,21/05/2012,27/05/2012,48,46,6
Barack Obama,14/05/2012,20/05/2012,47,46,7
Barack Obama,07/05/2012,13/05/2012,47,47,6
Barack Obama,30/04/2012,06/05/2012,48,46,6
Barack Obama,23/04/2012,29/04/2012,48,46,6
Barack Obama,16/04/2012,22/04/2012,48,46,6
Barack Obama,09/04/2012,15/04/2012,47,46,7
Barack Obama,02/04/2012,08/04/2012,47,46,7
Barack Obama,26/03/2012,01/04/2012,46,45,9
Barack Obama,19/03/2012,25/03/2012,46,45,9
Barack Obama,12/03/2012,18/03/2012,46,47,7
Barack Obama,05/03/2012,11/03/2012,48,44,8
Barack Obama,27/02/2012,04/03/2012,45,48,7
Barack Obama,20/02/2012,26/02/2012,45,47,8
Barack Obama,13/02/2012,19/02/2012,45,47,8
Barack Obama,06/02/2012,12/02/2012,47,47,6
Barack Obama,30/01/2012,05/02/2012,46,47,7
Barack Obama,23/01/2012,29/01/2012,45,48,7
Barack Obama,16/01/2012,22/01/2012,45,46,9
Barack Obama,09/01/2012,15/01/2012,45,47,8
Barack Obama,02/01/2012,08/01/2012,46,47,7
Barack Obama,26/12/2011,01/01/2012,42,49,9
Barack Obama,19/12/2011,25/12/2011,45,47,8
Barack Obama,12/12/2011,18/12/2011,42,50,8
Barack Obama,05/12/2011,11/12/2011,43,50,7
Barack Obama,28/11/2011,04/12/2011,42,50,8
Barack Obama,21/11/2011,27/11/2011,43,49,8
Barack Obama,14/11/2011,20/11/2011,43,49,8
Barack Obama,07/11/2011,13/11/2011,43,48,9
Barack Obama,31/10/2011,06/11/2011,43,50,7
Barack Obama,24/10/2011,30/10/2011,43,49,8
Barack Obama,17/10/2011,23/10/2011,41,51,8
Barack Obama,10/10/2011,16/10/2011,41,52,7
Barack Obama,03/10/2011,09/10/2011,40,53,7
Barack Obama,26/09/2011,02/10/2011,41,50,9
Barack Obama,19/09/2011,25/09/2011,41,51,8
Barack Obama,12/09/2011,18/09/2011,40,52,8
Barack Obama,05/09/2011,11/09/2011,43,49,8
Barack Obama,29/08/2011,04/09/2011,42,51,7
Barack Obama,22/08/2011,28/08/2011,40,53,7
Barack Obama,15/08/2011,21/08/2011,40,53,7
Barack Obama,08/08/2011,14/08/2011,40,52,8
Barack Obama,01/08/2011,07/08/2011,42,50,8
Barack Obama,25/07/2011,31/07/2011,42,49,9
Barack Obama,18/07/2011,24/07/2011,43,48,9
Barack Obama,11/07/2011,17/07/2011,44,48,8
Barack Obama,04/07/2011,10/07/2011,46,45,9
Barack Obama,27/06/2011,03/07/2011,46,47,7
Barack Obama,20/06/2011,26/06/2011,43,49,8
Barack Obama,13/06/2011,19/06/2011,47,45,8
Barack Obama,06/06/2011,12/06/2011,46,44,10
Barack Obama,30/05/2011,05/06/2011,50,42,8
Barack Obama,23/05/2011,29/05/2011,49,43,8
Barack Obama,16/05/2011,22/05/2011,50,43,7
Barack Obama,09/05/2011,15/05/2011,49,43,8
Barack Obama,02/05/2011,08/05/2011,51,40,9
Barack Obama,25/04/2011,01/05/2011,44,47,9
Barack Obama,18/04/2011,24/04/2011,43,48,9
Barack Obama,11/04/2011,17/04/2011,43,48,9
Barack Obama,04/04/2011,10/04/2011,45,46,9
Barack Obama,28/03/2011,03/04/2011,48,44,8
Barack Obama,21/03/2011,27/03/2011,45,47,8
Barack Obama,14/03/2011,20/03/2011,48,44,8
Barack Obama,07/03/2011,13/03/2011,47,45,8
Barack Obama,28/02/2011,06/03/2011,46,46,8
Barack Obama,21/02/2011,27/02/2011,48,44,8
Barack Obama,14/02/2011,20/02/2011,48,43,9
Barack Obama,07/02/2011,13/02/2011,48,43,9
Barack Obama,31/01/2011,06/02/2011,47,45,8
Barack Obama,24/01/2011,30/01/2011,50,42,8
Barack Obama,17/01/2011,23/01/2011,50,42,8
Barack Obama,10/01/2011,16/01/2011,49,42,9
Barack Obama,03/01/2011,09/01/2011,48,45,7
Barack Obama,27/12/2010,02/01/2011,48,44,8
Barack Obama,20/12/2010,26/12/2010,47,46,7
Barack Obama,13/12/2010,19/12/2010,46,46,8
Barack Obama,06/12/2010,12/12/2010,45,48,7
Barack Obama,29/11/2010,05/12/2010,46,46,8
Barack Obama,22/11/2010,28/11/2010,45,47,8
Barack Obama,15/11/2010,21/11/2010,46,46,8
Barack Obama,08/11/2010,14/11/2010,44,48,8
Barack Obama,01/11/2010,07/11/2010,45,47,8
Barack Obama,25/10/2010,31/10/2010,45,48,7
Barack Obama,18/10/2010,24/10/2010,44,48,8
Barack Obama,11/10/2010,17/10/2010,45,47,8
Barack Obama,04/10/2010,10/10/2010,46,48,6
Barack Obama,27/09/2010,03/10/2010,46,47,7
Barack Obama,20/09/2010,26/09/2010,44,48,8
Barack Obama,13/09/2010,19/09/2010,46,47,7
Barack Obama,06/09/2010,12/09/2010,46,46,8
Barack Obama,30/08/2010,05/09/2010,45,47,8
Barack Obama,23/08/2010,29/08/2010,43,49,8
Barack Obama,16/08/2010,22/08/2010,43,50,7
Barack Obama,09/08/2010,15/08/2010,44,48,8
Barack Obama,02/08/2010,08/08/2010,45,48,7
Barack Obama,26/07/2010,01/08/2010,45,47,8
Barack Obama,19/07/2010,25/07/2010,45,47,8
Barack Obama,12/07/2010,18/07/2010,46,46,8
Barack Obama,05/07/2010,11/07/2010,46,47,7
Barack Obama,28/06/2010,04/07/2010,46,45,9
Barack Obama,21/06/2010,27/06/2010,45,46,9
Barack Obama,14/06/2010,20/06/2010,47,45,8
Barack Obama,07/06/2010,13/06/2010,46,46,8
Barack Obama,31/05/2010,06/06/2010,47,45,8
Barack Obama,24/05/2010,30/05/2010,46,46,8
Barack Obama,17/05/2010,23/05/2010,48,45,7
Barack Obama,10/05/2010,16/05/2010,49,43,8
Barack Obama,03/05/2010,09/05/2010,50,43,7
Barack Obama,26/04/2010,02/05/2010,48,45,7
Barack Obama,19/04/2010,25/04/2010,50,43,7
Barack Obama,12/04/2010,18/04/2010,48,45,7
Barack Obama,05/04/2010,11/04/2010,47,46,7
Barack Obama,29/03/2010,04/04/2010,49,44,7
Barack Obama,22/03/2010,28/03/2010,49,44,7
Barack Obama,15/03/2010,21/03/2010,48,45,7
Barack Obama,08/03/2010,14/03/2010,48,45,7
Barack Obama,01/03/2010,07/03/2010,49,44,7
Barack Obama,22/02/2010,28/02/2010,50,43,7
Barack Obama,15/02/2010,21/02/2010,49,43,8
Barack Obama,08/02/2010,14/02/2010,51,42,7
Barack Obama,01/02/2010,07/02/2010,50,43,7
Barack Obama,25/01/2010,31/01/2010,48,45,7
Barack Obama,18/01/2010,24/01/2010,49,46,5
Barack Obama,11/01/2010,17/01/2010,50,43,7
Barack Obama,04/01/2010,10/01/2010,51,43,6
Barack Obama,28/12/2009,03/01/2010,51,43,6
Barack Obama,21/12/2009,27/12/2009,51,43,6
Barack Obama,14/12/2009,20/12/2009,50,43,7
Barack Obama,07/12/2009,13/12/2009,49,42,9
Barack Obama,30/11/2009,06/12/2009,50,44,6
Barack Obama,23/11/2009,29/11/2009,50,42,8
Barack Obama,16/11/2009,22/11/2009,49,44,7
Barack Obama,09/11/2009,15/11/2009,53,39,8
Barack Obama,02/11/2009,08/11/2009,52,42,6
Barack Obama,26/10/2009,01/11/2009,53,41,6
Barack Obama,19/10/2009,25/10/2009,53,39,8
Barack Obama,12/10/2009,18/10/2009,52,41,7
Barack Obama,05/10/2009,11/10/2009,54,38,8
Barack Obama,28/09/2009,04/10/2009,52,40,8
Barack Obama,21/09/2009,27/09/2009,51,41,8
Barack Obama,14/09/2009,20/09/2009,52,41,7
Barack Obama,07/09/2009,13/09/2009,52,41,7
Barack Obama,31/08/2009,06/09/2009,53,40,7
Barack Obama,24/08/2009,30/08/2009,50,43,7
Barack Obama,17/08/2009,23/08/2009,52,41,7
Barack Obama,10/08/2009,16/08/2009,54,40,6
Barack Obama,03/08/2009,09/08/2009,56,37,7
Barack Obama,27/07/2009,02/08/2009,54,39,7
Barack Obama,20/07/2009,26/07/2009,56,38,6
Barack Obama,13/07/2009,19/07/2009,59,33,8
Barack Obama,06/07/2009,12/07/2009,58,34,8
Barack Obama,29/06/2009,05/07/2009,60,32,8
Barack Obama,22/06/2009,28/06/2009,60,33,7
Barack Obama,15/06/2009,21/06/2009,59,34,7
Barack Obama,08/06/2009,14/06/2009,61,31,8
Barack Obama,01/06/2009,07/06/2009,62,31,7
Barack Obama,25/05/2009,31/05/2009,63,30,7
Barack Obama,18/05/2009,24/05/2009,64,28,8
Barack Obama,11/05/2009,17/05/2009,64,29,7
Barack Obama,04/05/2009,10/05/2009,66,27,7
Barack Obama,27/04/2009,03/05/2009,65,29,6
Barack Obama,20/04/2009,26/04/2009,65,29,6
Barack Obama,13/04/2009,19/04/2009,62,29,9
Barack Obama,06/04/2009,12/04/2009,61,28,11
Barack Obama,30/03/2009,05/04/2009,62,28,10
Barack Obama,23/03/2009,29/03/2009,61,29,10
Barack Obama,16/03/2009,22/03/2009,63,26,11
Barack Obama,09/03/2009,15/03/2009,62,28,10
Barack Obama,02/03/2009,08/03/2009,62,27,11
Barack Obama,23/02/2009,01/03/2009,64,23,13
Barack Obama,16/02/2009,22/02/2009,62,25,13
Barack Obama,09/02/2009,15/02/2009,64,22,14
Barack Obama,02/02/2009,08/02/2009,65,21,14
Barack Obama,26/01/2009,01/02/2009,66,18,16
Barack Obama,19/01/2009,25/01/2009,67,13,20
Ronald Reagan,27/12/1988,29/12/1988,63,29,8
Ronald Reagan,11/11/1988,14/11/1988,57,35,8
Ronald Reagan,21/10/1988,24/10/1988,51,38,11
Ronald Reagan,25/09/1988,01/10/1988,54,37,9
Ronald Reagan,19/08/1988,22/08/1988,53,37,10
Ronald Reagan,15/07/1988,18/07/1988,54,36,10
Ronald Reagan,01/07/1988,07/07/1988,51,35,14
Ronald Reagan,24/06/1988,27/06/1988,48,40,12
Ronald Reagan,10/06/1988,13/06/1988,51,39,10
Ronald Reagan,13/05/1988,22/05/1988,48,43,9
Ronald Reagan,02/05/1988,08/05/1988,50,38,12
Ronald Reagan,08/04/1988,11/04/1988,50,39,11
Ronald Reagan,08/03/1988,12/03/1988,51,37,12
Ronald Reagan,04/03/1988,06/03/1988,50,42,8
Ronald Reagan,22/01/1988,25/01/1988,49,40,11
Ronald Reagan,04/12/1987,07/12/1987,49,41,10
Ronald Reagan,23/10/1987,26/10/1987,51,41,8
Ronald Reagan,24/08/1987,02/09/1987,49,42,9
Ronald Reagan,07/08/1987,10/08/1987,45,41,14
Ronald Reagan,10/07/1987,13/07/1987,49,43,8
Ronald Reagan,08/06/1987,14/06/1987,53,40,7
Ronald Reagan,05/06/1987,08/06/1987,47,44,9
Ronald Reagan,10/04/1987,13/04/1987,48,43,9
Ronald Reagan,14/03/1987,18/03/1987,47,44,9
Ronald Reagan,06/03/1987,09/03/1987,43,46,11
Ronald Reagan,16/01/1987,19/01/1987,48,43,9
Ronald Reagan,05/12/1986,08/12/1986,48,43,9
Ronald Reagan,04/12/1986,05/12/1986,47,44,9
Ronald Reagan,24/10/1986,27/10/1986,63,29,8
Ronald Reagan,13/09/1986,17/09/1986,63,26,11
Ronald Reagan,12/09/1986,15/09/1986,61,25,14
Ronald Reagan,08/08/1986,11/08/1986,61,27,12
Ronald Reagan,11/07/1986,14/07/1986,63,28,9
Ronald Reagan,09/06/1986,16/06/1986,64,26,10
Ronald Reagan,06/06/1986,09/06/1986,61,29,10
Ronald Reagan,16/05/1986,19/05/1986,68,23,9
Ronald Reagan,11/04/1986,14/04/1986,62,29,9
Ronald Reagan,04/03/1986,10/03/1986,63,26,11
Ronald Reagan,10/01/1986,13/01/1986,64,27,9
Ronald Reagan,06/12/1985,09/12/1985,63,29,8
Ronald Reagan,11/11/1985,18/11/1985,65,24,11
Ronald Reagan,01/11/1985,04/11/1985,62,28,10
Ronald Reagan,11/10/1985,14/10/1985,63,29,8
Ronald Reagan,13/09/1985,16/09/1985,60,30,10
Ronald Reagan,16/08/1985,19/08/1985,57,32,11
Ronald Reagan,13/08/1985,15/08/1985,65,26,9
Ronald Reagan,12/07/1985,15/07/1985,63,28,9
Ronald Reagan,07/06/1985,10/06/1985,58,32,10
Ronald Reagan,17/05/1985,20/05/1985,55,37,8
Ronald Reagan,12/04/1985,15/04/1985,52,37,11
Ronald Reagan,08/03/1985,11/03/1985,56,37,7
Ronald Reagan,15/02/1985,18/02/1985,60,31,9
Ronald Reagan,25/01/1985,28/01/1985,64,28,8
Ronald Reagan,11/01/1985,14/01/1985,62,29,9
Ronald Reagan,07/12/1984,10/12/1984,59,32,9
Ronald Reagan,30/11/1984,03/12/1984,62,30,8
Ronald Reagan,09/11/1984,12/11/1984,61,31,8
Ronald Reagan,26/10/1984,29/10/1984,58,33,9
Ronald Reagan,28/09/1984,01/10/1984,54,35,11
Ronald Reagan,21/09/1984,24/09/1984,57,36,7
Ronald Reagan,07/09/1984,10/09/1984,57,36,7
Ronald Reagan,10/08/1984,13/08/1984,54,38,8
Ronald Reagan,27/07/1984,30/07/1984,52,37,11
Ronald Reagan,13/07/1984,16/07/1984,55,35,10
Ronald Reagan,06/07/1984,09/07/1984,54,35,11
Ronald Reagan,29/06/1984,02/07/1984,53,37,10
Ronald Reagan,22/06/1984,25/06/1984,54,36,10
Ronald Reagan,06/06/1984,08/06/1984,55,33,12
Ronald Reagan,18/05/1984,21/05/1984,54,38,8
Ronald Reagan,03/05/1984,05/05/1984,52,37,11
Ronald Reagan,06/04/1984,09/04/1984,54,36,10
Ronald Reagan,16/03/1984,19/03/1984,54,39,7
Ronald Reagan,10/02/1984,13/02/1984,55,36,9
Ronald Reagan,27/01/1984,30/01/1984,55,37,8
Ronald Reagan,13/01/1984,16/01/1984,52,38,10
Ronald Reagan,09/12/1983,12/12/1983,54,38,8
Ronald Reagan,18/11/1983,21/11/1983,53,37,10
Ronald Reagan,21/10/1983,24/10/1983,49,41,10
Ronald Reagan,07/10/1983,10/10/1983,45,44,11
Ronald Reagan,16/09/1983,19/09/1983,47,43,10
Ronald Reagan,09/09/1983,12/09/1983,47,42,11
Ronald Reagan,19/08/1983,22/08/1983,43,46,11
Ronald Reagan,12/08/1983,15/08/1983,43,45,12
Ronald Reagan,05/08/1983,08/08/1983,44,46,10
Ronald Reagan,29/07/1983,01/08/1983,44,42,14
Ronald Reagan,22/07/1983,25/07/1983,42,47,11
Ronald Reagan,24/06/1983,27/06/1983,47,44,9
Ronald Reagan,10/06/1983,13/06/1983,43,45,12
Ronald Reagan,20/05/1983,23/05/1983,46,43,11
Ronald Reagan,13/05/1983,16/05/1983,43,45,12
Ronald Reagan,29/04/1983,02/05/1983,43,46,11
Ronald Reagan,15/04/1983,18/04/1983,41,49,10
Ronald Reagan,11/03/1983,14/03/1983,41,49,10
Ronald Reagan,25/02/1983,28/02/1983,40,50,10
Ronald Reagan,28/01/1983,31/01/1983,35,56,9
Ronald Reagan,21/01/1983,24/01/1983,37,53,10
Ronald Reagan,14/01/1983,17/01/1983,37,54,9
Ronald Reagan,10/12/1982,13/12/1982,41,50,9
Ronald Reagan,19/11/1982,22/11/1982,43,47,10
Ronald Reagan,05/11/1982,08/11/1982,43,47,10
Ronald Reagan,15/10/1982,18/10/1982,42,48,10
Ronald Reagan,17/09/1982,20/09/1982,42,48,10
Ronald Reagan,27/08/1982,30/08/1982,42,46,12
Ronald Reagan,13/08/1982,16/08/1982,41,49,10
Ronald Reagan,30/07/1982,02/08/1982,41,47,12
Ronald Reagan,23/07/1982,26/07/1982,42,46,12
Ronald Reagan,25/06/1982,28/06/1982,44,46,10
Ronald Reagan,11/06/1982,14/06/1982,45,45,10
Ronald Reagan,14/05/1982,17/05/1982,45,44,11
Ronald Reagan,30/04/1982,03/05/1982,44,46,10
Ronald Reagan,23/04/1982,26/04/1982,43,47,10
Ronald Reagan,02/04/1982,05/04/1982,45,46,9
Ronald Reagan,12/03/1982,15/03/1982,46,45,9
Ronald Reagan,05/02/1982,08/02/1982,47,43,10
Ronald Reagan,22/01/1982,25/01/1982,47,42,11
Ronald Reagan,08/01/1982,11/01/1982,49,40,11
Ronald Reagan,11/12/1981,14/12/1981,49,41,10
Ronald Reagan,20/11/1981,23/11/1981,54,37,9
Ronald Reagan,13/11/1981,16/11/1981,49,40,11
Ronald Reagan,30/10/1981,02/11/1981,53,35,12
Ronald Reagan,02/10/1981,05/10/1981,56,35,9
Ronald Reagan,18/09/1981,21/09/1981,52,37,11
Ronald Reagan,14/08/1981,17/08/1981,60,29,11
Ronald Reagan,31/07/1981,03/08/1981,60,28,12
Ronald Reagan,24/07/1981,27/07/1981,56,30,14
Ronald Reagan,17/07/1981,20/07/1981,60,29,11
Ronald Reagan,26/06/1981,29/06/1981,58,30,12
Ronald Reagan,19/06/1981,22/06/1981,59,29,12
Ronald Reagan,05/06/1981,08/06/1981,59,28,13
Ronald Reagan,08/05/1981,11/05/1981,68,21,11
Ronald Reagan,10/04/1981,13/04/1981,67,19,14
Ronald Reagan,03/04/1981,06/04/1981,67,18,15
Ronald Reagan,13/03/1981,16/03/1981,60,24,16
Ronald Reagan,13/02/1981,16/02/1981,55,18,27
Ronald Reagan,30/01/1981,02/02/1981,51,13,36
George Bush,08/01/1993,11/01/1993,56,37,7
George Bush,18/12/1992,20/12/1992,49,41,10
George Bush,04/12/1992,06/12/1992,49,47,4
George Bush,20/11/1992,22/11/1992,43,46,11
George Bush,13/10/1992,15/10/1992,34,56,10
George Bush,01/10/1992,03/10/1992,33,58,9
George Bush,17/09/1992,20/09/1992,36,54,10
George Bush,11/09/1992,15/09/1992,39,55,6
George Bush,31/08/1992,02/09/1992,39,54,7
George Bush,21/08/1992,22/08/1992,40,54,6
George Bush,10/08/1992,12/08/1992,35,58,7
George Bush,31/07/1992,02/08/1992,29,60,11
George Bush,24/07/1992,26/07/1992,32,59,9
George Bush,26/06/1992,30/06/1992,38,55,7
George Bush,12/06/1992,14/06/1992,37,55,8
George Bush,04/06/1992,07/06/1992,37,56,7
George Bush,18/05/1992,20/05/1992,41,52,7
George Bush,07/05/1992,10/05/1992,40,53,7
George Bush,20/04/1992,22/04/1992,42,48,10
George Bush,09/04/1992,12/04/1992,39,54,7
George Bush,26/03/1992,29/03/1992,42,51,7
George Bush,20/03/1992,22/03/1992,41,49,10
George Bush,11/03/1992,12/03/1992,41,47,12
George Bush,28/02/1992,01/03/1992,41,53,6
George Bush,19/02/1992,20/02/1992,39,47,14
George Bush,06/02/1992,09/02/1992,44,48,8
George Bush,31/01/1992,02/02/1992,47,48,5
George Bush,16/01/1992,19/01/1992,46,48,6
George Bush,03/01/1992,06/01/1992,46,47,7
George Bush,12/12/1991,15/12/1991,50,41,9
George Bush,05/12/1991,08/12/1991,52,42,6
George Bush,21/11/1991,24/11/1991,52,39,9
George Bush,14/11/1991,17/11/1991,56,36,8
George Bush,07/11/1991,10/11/1991,56,36,8
George Bush,31/10/1991,03/11/1991,59,33,8
George Bush,24/10/1991,27/10/1991,62,29,9
George Bush,17/10/1991,20/10/1991,66,26,8
George Bush,10/10/1991,13/10/1991,66,28,6
George Bush,03/10/1991,06/10/1991,65,27,8
George Bush,26/09/1991,29/09/1991,66,25,9
George Bush,13/09/1991,15/09/1991,68,22,10
George Bush,05/09/1991,08/09/1991,70,21,9
George Bush,29/08/1991,03/09/1991,69,22,9
George Bush,23/08/1991,25/08/1991,74,19,7
George Bush,08/08/1991,11/08/1991,71,22,7
George Bush,25/07/1991,28/07/1991,71,21,8
George Bush,18/07/1991,21/07/1991,70,21,9
George Bush,11/07/1991,14/07/1991,72,21,7
George Bush,27/06/1991,30/06/1991,72,23,5
George Bush,13/06/1991,16/06/1991,71,19,10
George Bush,30/05/1991,02/06/1991,74,17,9
George Bush,23/05/1991,26/05/1991,76,16,8
George Bush,16/05/1991,19/05/1991,77,15,8
George Bush,02/05/1991,05/05/1991,74,19,7
George Bush,25/04/1991,28/04/1991,76,15,9
George Bush,11/04/1991,14/04/1991,77,13,10
George Bush,04/04/1991,06/04/1991,83,12,5
George Bush,28/03/1991,30/03/1991,82,11,7
George Bush,21/03/1991,24/03/1991,84,10,6
George Bush,14/03/1991,17/03/1991,86,9,5
George Bush,07/03/1991,10/03/1991,87,8,5
George Bush,28/02/1991,03/03/1991,89,8,3
George Bush,21/02/1991,24/02/1991,80,13,7
George Bush,14/02/1991,17/02/1991,80,14,6
George Bush,07/02/1991,10/02/1991,79,18,3
George Bush,30/01/1991,02/02/1991,82,15,3
George Bush,23/01/1991,26/01/1991,83,13,4
George Bush,19/01/1991,22/01/1991,80,14,6
George Bush,17/01/1991,20/01/1991,82,12,6
George Bush,11/01/1991,13/01/1991,64,25,11
George Bush,03/01/1991,06/01/1991,58,31,11
George Bush,13/12/1990,16/12/1990,63,30,7
George Bush,06/12/1990,09/12/1990,58,33,9
George Bush,29/11/1990,02/12/1990,61,29,10
George Bush,15/11/1990,18/11/1990,54,33,13
George Bush,08/11/1990,11/11/1990,58,34,8
George Bush,01/11/1990,04/11/1990,58,32,10
George Bush,25/10/1990,28/10/1990,54,36,10
George Bush,18/10/1990,21/10/1990,53,37,10
George Bush,11/10/1990,14/10/1990,56,33,11
George Bush,03/10/1990,04/10/1990,66,25,9
George Bush,27/09/1990,30/09/1990,67,20,13
George Bush,14/09/1990,16/09/1990,73,17,10
George Bush,10/09/1990,11/09/1990,76,16,8
George Bush,30/08/1990,02/09/1990,74,17,9
George Bush,23/08/1990,26/08/1990,76,16,8
George Bush,16/08/1990,19/08/1990,75,16,9
George Bush,09/08/1990,12/08/1990,74,16,10
George Bush,19/07/1990,22/07/1990,60,25,15
George Bush,06/07/1990,08/07/1990,63,24,13
George Bush,15/06/1990,17/06/1990,69,17,14
George Bush,07/06/1990,10/06/1990,67,18,15
George Bush,17/05/1990,20/05/1990,65,20,15
George Bush,19/04/1990,22/04/1990,67,17,16
George Bush,05/04/1990,08/04/1990,68,16,16
George Bush,15/03/1990,18/03/1990,74,15,11
George Bush,08/03/1990,11/03/1990,68,18,14
George Bush,15/02/1990,18/02/1990,73,16,11
George Bush,08/02/1990,11/02/1990,73,16,11
George Bush,04/01/1990,07/01/1990,80,11,9
George Bush,07/12/1989,10/12/1989,71,20,9
George Bush,02/11/1989,05/11/1989,70,17,13
George Bush,05/10/1989,08/10/1989,68,20,12
George Bush,07/09/1989,10/09/1989,70,17,13
George Bush,10/08/1989,13/08/1989,69,19,12
George Bush,06/07/1989,09/07/1989,66,19,15
George Bush,08/06/1989,11/06/1989,70,14,16
George Bush,15/05/1989,18/05/1989,63,18,19
George Bush,04/05/1989,07/05/1989,56,22,22
George Bush,10/04/1989,16/04/1989,58,16,26
George Bush,10/03/1989,13/03/1989,56,16,28
George Bush,28/02/1989,02/03/1989,63,13,24
George Bush,24/01/1989,26/01/1989,51,6,43
William J. Clinton,10/01/2001,14/01/2001,66,29,5
William J. Clinton,05/01/2001,07/01/2001,65,31,4
William J. Clinton,15/12/2000,17/12/2000,66,32,2
William J. Clinton,02/12/2000,04/12/2000,60,35,5
William J. Clinton,13/11/2000,15/11/2000,63,33,4
William J. Clinton,25/10/2000,28/10/2000,57,38,5
William J. Clinton,06/10/2000,09/10/2000,58,37,5
William J. Clinton,11/09/2000,13/09/2000,60,34,6
William J. Clinton,29/08/2000,03/09/2000,62,35,3
William J. Clinton,18/08/2000,19/08/2000,62,35,3
William J. Clinton,11/08/2000,12/08/2000,58,39,3
William J. Clinton,04/08/2000,05/08/2000,57,40,3
William J. Clinton,25/07/2000,26/07/2000,57,39,4
William J. Clinton,14/07/2000,16/07/2000,59,37,4
William J. Clinton,06/07/2000,09/07/2000,59,36,5
William J. Clinton,22/06/2000,25/06/2000,55,40,5
William J. Clinton,06/06/2000,07/06/2000,60,36,4
William J. Clinton,18/05/2000,21/05/2000,57,37,6
William J. Clinton,04/05/2000,07/05/2000,57,36,7
William J. Clinton,28/04/2000,30/04/2000,59,39,2
William J. Clinton,30/03/2000,02/04/2000,62,34,4
William J. Clinton,17/03/2000,19/03/2000,56,39,5
William J. Clinton,10/03/2000,12/03/2000,63,34,3
William J. Clinton,25/02/2000,27/02/2000,57,39,4
William J. Clinton,14/02/2000,15/02/2000,62,34,4
William J. Clinton,04/02/2000,06/02/2000,63,33,4
William J. Clinton,25/01/2000,26/01/2000,64,32,4
William J. Clinton,17/01/2000,20/01/2000,62,35,3
William J. Clinton,13/01/2000,16/01/2000,59,37,4
William J. Clinton,07/01/2000,10/01/2000,63,35,2
William J. Clinton,20/12/1999,21/12/1999,57,36,7
William J. Clinton,09/12/1999,12/12/1999,56,41,3
William J. Clinton,18/11/1999,21/11/1999,59,36,5
William J. Clinton,04/11/1999,07/11/1999,58,38,4
William J. Clinton,21/10/1999,24/10/1999,59,36,5
William J. Clinton,08/10/1999,10/10/1999,56,39,5
William J. Clinton,23/09/1999,26/09/1999,59,38,3
William J. Clinton,10/09/1999,14/09/1999,60,38,2
William J. Clinton,24/08/1999,26/08/1999,60,35,5
William J. Clinton,16/08/1999,18/08/1999,59,36,5
William J. Clinton,03/08/1999,04/08/1999,60,35,5
William J. Clinton,22/07/1999,25/07/1999,64,31,5
William J. Clinton,16/07/1999,18/07/1999,58,38,4
William J. Clinton,13/07/1999,14/07/1999,59,37,4
William J. Clinton,25/06/1999,27/06/1999,57,41,2
William J. Clinton,11/06/1999,13/06/1999,60,37,3
William J. Clinton,04/06/1999,05/06/1999,60,35,5
William J. Clinton,23/05/1999,24/05/1999,53,42,5
William J. Clinton,07/05/1999,09/05/1999,60,35,5
William J. Clinton,30/04/1999,02/05/1999,60,36,4
William J. Clinton,26/04/1999,27/04/1999,60,35,5
William J. Clinton,13/04/1999,14/04/1999,60,36,4
William J. Clinton,06/04/1999,07/04/1999,59,35,6
William J. Clinton,30/03/1999,31/03/1999,64,32,4
William J. Clinton,19/03/1999,21/03/1999,64,33,3
William J. Clinton,12/03/1999,14/03/1999,62,35,3
William J. Clinton,05/03/1999,07/03/1999,68,28,4
William J. Clinton,26/02/1999,28/02/1999,66,31,3
William J. Clinton,19/02/1999,21/02/1999,66,30,4
William J. Clinton,12/02/1999,13/02/1999,68,30,2
William J. Clinton,04/02/1999,08/02/1999,65,33,2
William J. Clinton,22/01/1999,24/01/1999,69,29,2
William J. Clinton,15/01/1999,17/01/1999,69,29,2
William J. Clinton,08/01/1999,10/01/1999,67,30,3
William J. Clinton,19/12/1998,20/12/1998,73,25,2
William J. Clinton,15/12/1998,16/12/1998,63,33,4
William J. Clinton,12/12/1998,13/12/1998,64,34,2
William J. Clinton,04/12/1998,06/12/1998,66,30,4
William J. Clinton,20/11/1998,22/11/1998,66,30,4
William J. Clinton,13/11/1998,15/11/1998,66,31,3
William J. Clinton,29/10/1998,01/11/1998,66,30,4
William J. Clinton,23/10/1998,25/10/1998,65,32,3
William J. Clinton,09/10/1998,12/10/1998,65,32,3
William J. Clinton,06/10/1998,07/10/1998,63,34,3
William J. Clinton,23/09/1998,24/09/1998,66,31,3
William J. Clinton,14/09/1998,15/09/1998,63,35,2
William J. Clinton,11/09/1998,12/09/1998,63,34,3
William J. Clinton,21/08/1998,23/08/1998,62,35,3
William J. Clinton,10/08/1998,12/08/1998,65,30,5
William J. Clinton,07/08/1998,08/08/1998,64,32,4
William J. Clinton,13/07/1998,14/07/1998,63,31,6
William J. Clinton,07/07/1998,08/07/1998,61,34,5
William J. Clinton,22/06/1998,23/06/1998,60,34,6
William J. Clinton,05/06/1998,07/06/1998,60,34,6
William J. Clinton,08/05/1998,10/05/1998,64,31,5
William J. Clinton,17/04/1998,19/04/1998,63,31,6
William J. Clinton,20/03/1998,22/03/1998,66,28,6
William J. Clinton,06/03/1998,09/03/1998,63,31,6
William J. Clinton,20/02/1998,22/02/1998,66,29,5
William J. Clinton,13/02/1998,15/02/1998,66,30,4
William J. Clinton,30/01/1998,01/02/1998,69,28,3
William J. Clinton,25/01/1998,26/01/1998,59,37,4
William J. Clinton,23/01/1998,24/01/1998,58,36,6
William J. Clinton,16/01/1998,18/01/1998,60,30,10
William J. Clinton,06/01/1998,07/01/1998,59,32,9
William J. Clinton,18/12/1997,21/12/1997,56,36,8
William J. Clinton,21/11/1997,23/11/1997,61,30,9
William J. Clinton,06/11/1997,09/11/1997,59,31,10
William J. Clinton,27/10/1997,29/10/1997,59,32,9
William J. Clinton,03/10/1997,05/10/1997,55,36,9
William J. Clinton,25/09/1997,28/09/1997,58,33,9
William J. Clinton,06/09/1997,07/09/1997,61,28,11
William J. Clinton,22/08/1997,25/08/1997,60,34,6
William J. Clinton,12/08/1997,13/08/1997,61,32,7
William J. Clinton,25/07/1997,27/07/1997,58,34,8
William J. Clinton,26/06/1997,29/06/1997,55,36,9
William J. Clinton,30/05/1997,01/06/1997,57,35,8
William J. Clinton,06/05/1997,07/05/1997,57,35,8
William J. Clinton,18/04/1997,20/04/1997,54,37,9
William J. Clinton,24/03/1997,26/03/1997,59,35,6
William J. Clinton,24/02/1997,26/02/1997,57,33,10
William J. Clinton,30/01/1997,02/02/1997,60,31,9
William J. Clinton,10/01/1997,13/01/1997,62,31,7
William J. Clinton,03/01/1997,05/01/1997,58,35,7
William J. Clinton,09/12/1996,11/12/1996,58,34,8
William J. Clinton,21/11/1996,24/11/1996,58,35,7
William J. Clinton,26/10/1996,29/10/1996,54,36,10
William J. Clinton,02/10/1996,03/10/1996,57,36,7
William J. Clinton,01/10/1996,02/10/1996,58,34,8
William J. Clinton,07/09/1996,09/09/1996,60,31,9
William J. Clinton,30/08/1996,01/09/1996,60,33,7
William J. Clinton,23/08/1996,25/08/1996,53,39,8
William J. Clinton,16/08/1996,18/08/1996,52,39,9
William J. Clinton,05/08/1996,07/08/1996,57,36,7
William J. Clinton,25/07/1996,28/07/1996,58,35,7
William J. Clinton,18/07/1996,21/07/1996,57,35,8
William J. Clinton,27/06/1996,30/06/1996,52,42,6
William J. Clinton,18/06/1996,19/06/1996,58,37,5
William J. Clinton,28/05/1996,29/05/1996,53,38,9
William J. Clinton,09/05/1996,12/05/1996,55,39,6
William J. Clinton,25/04/1996,28/04/1996,56,37,7
William J. Clinton,09/04/1996,10/04/1996,54,40,6
William J. Clinton,15/03/1996,17/03/1996,52,39,9
William J. Clinton,08/03/1996,10/03/1996,54,37,9
William J. Clinton,23/02/1996,25/02/1996,53,40,7
William J. Clinton,26/01/1996,29/01/1996,52,42,6
William J. Clinton,12/01/1996,15/01/1996,46,47,7
William J. Clinton,05/01/1996,07/01/1996,42,49,9
William J. Clinton,15/12/1995,18/12/1995,51,44,5
William J. Clinton,17/11/1995,18/11/1995,53,38,9
William J. Clinton,06/11/1995,08/11/1995,52,41,7
William J. Clinton,19/10/1995,22/10/1995,49,40,11
William J. Clinton,05/10/1995,07/10/1995,46,42,12
William J. Clinton,22/09/1995,24/09/1995,48,44,8
William J. Clinton,14/09/1995,17/09/1995,44,44,12
William J. Clinton,28/08/1995,30/08/1995,46,43,11
William J. Clinton,11/08/1995,14/08/1995,46,44,10
William J. Clinton,04/08/1995,07/08/1995,46,42,12
William J. Clinton,20/07/1995,23/07/1995,46,44,10
William J. Clinton,07/07/1995,09/07/1995,48,42,10
William J. Clinton,05/06/1995,06/06/1995,47,42,11
William J. Clinton,11/05/1995,14/05/1995,51,42,7
William J. Clinton,21/04/1995,24/04/1995,51,39,10
William J. Clinton,17/04/1995,19/04/1995,46,45,9
William J. Clinton,05/04/1995,06/04/1995,47,45,8
William J. Clinton,27/03/1995,29/03/1995,44,47,9
William J. Clinton,17/03/1995,19/03/1995,46,45,9
William J. Clinton,24/02/1995,26/02/1995,42,48,10
William J. Clinton,03/02/1995,05/02/1995,49,44,7
William J. Clinton,16/01/1995,18/01/1995,47,45,8
William J. Clinton,28/12/1994,30/12/1994,40,52,8
William J. Clinton,16/12/1994,18/12/1994,42,53,5
William J. Clinton,02/12/1994,05/12/1994,42,50,8
William J. Clinton,28/11/1994,29/11/1994,43,49,8
William J. Clinton,02/11/1994,06/11/1994,46,46,8
William J. Clinton,22/10/1994,25/10/1994,48,46,6
William J. Clinton,18/10/1994,19/10/1994,41,52,7
William J. Clinton,07/10/1994,09/10/1994,42,52,6
William J. Clinton,23/09/1994,25/09/1994,43,51,6
William J. Clinton,16/09/1994,18/09/1994,42,50,8
William J. Clinton,06/09/1994,07/09/1994,39,54,7
William J. Clinton,15/08/1994,16/08/1994,39,52,9
William J. Clinton,08/08/1994,09/08/1994,43,48,9
William J. Clinton,15/07/1994,17/07/1994,42,49,9
William J. Clinton,01/07/1994,03/07/1994,43,48,9
William J. Clinton,25/06/1994,28/06/1994,44,47,9
William J. Clinton,11/06/1994,12/06/1994,49,44,7
William J. Clinton,03/06/1994,06/06/1994,46,47,7
William J. Clinton,20/05/1994,22/05/1994,51,42,7
William J. Clinton,22/04/1994,24/04/1994,48,44,8
William J. Clinton,16/04/1994,18/04/1994,51,41,8
William J. Clinton,28/03/1994,30/03/1994,51,42,7
William J. Clinton,25/03/1994,27/03/1994,52,41,7
William J. Clinton,11/03/1994,13/03/1994,50,41,9
William J. Clinton,07/03/1994,08/03/1994,50,42,8
William J. Clinton,26/02/1994,28/02/1994,53,41,6
William J. Clinton,28/01/1994,30/01/1994,58,35,7
William J. Clinton,15/01/1994,17/01/1994,54,38,8
William J. Clinton,06/01/1994,08/01/1994,54,38,8
William J. Clinton,17/12/1993,19/12/1993,54,40,6
William J. Clinton,04/12/1993,06/12/1993,52,38,10
William J. Clinton,19/11/1993,21/11/1993,48,43,9
William J. Clinton,15/11/1993,16/11/1993,50,43,7
William J. Clinton,02/11/1993,04/11/1993,48,45,7
William J. Clinton,28/10/1993,30/10/1993,48,45,7
William J. Clinton,13/10/1993,18/10/1993,47,44,9
William J. Clinton,08/10/1993,10/10/1993,50,42,8
William J. Clinton,24/09/1993,26/09/1993,56,36,8
William J. Clinton,13/09/1993,15/09/1993,46,43,11
William J. Clinton,10/09/1993,12/09/1993,47,42,11
William J. Clinton,23/08/1993,25/08/1993,44,47,9
William J. Clinton,08/08/1993,10/08/1993,44,48,8
William J. Clinton,19/07/1993,21/07/1993,41,49,10
William J. Clinton,09/07/1993,11/07/1993,45,48,7
William J. Clinton,29/06/1993,30/06/1993,46,47,7
William J. Clinton,18/06/1993,21/06/1993,39,50,11
William J. Clinton,05/06/1993,06/06/1993,37,49,14
William J. Clinton,21/05/1993,23/05/1993,44,46,10
William J. Clinton,10/05/1993,12/05/1993,45,44,11
William J. Clinton,22/04/1993,24/04/1993,55,37,8
William J. Clinton,29/03/1993,31/03/1993,52,37,11
William J. Clinton,12/03/1993,14/03/1993,53,34,13
William J. Clinton,26/02/1993,28/02/1993,59,29,12
William J. Clinton,12/02/1993,14/02/1993,51,34,15
William J. Clinton,29/01/1993,31/01/1993,54,30,16
William J. Clinton,24/01/1993,26/01/1993,58,20,22
George W. Bush,09/01/2009,11/01/2009,34,61,5
George W. Bush,12/12/2008,14/12/2008,29,67,4
George W. Bush,04/12/2008,07/12/2008,32,61,7
George W. Bush,13/11/2008,16/11/2008,29,66,5
George W. Bush,07/11/2008,09/11/2008,28,68,4
George W. Bush,31/10/2008,02/11/2008,25,70,5
George W. Bush,23/10/2008,26/10/2008,31,66,3
George W. Bush,10/10/2008,12/10/2008,25,71,4
George W. Bush,03/10/2008,05/10/2008,25,70,5
George W. Bush,26/09/2008,27/09/2008,27,69,4
George W. Bush,08/09/2008,11/09/2008,31,65,4
George W. Bush,05/09/2008,07/09/2008,33,64,3
George W. Bush,21/08/2008,23/08/2008,29,66,5
George W. Bush,07/08/2008,10/08/2008,33,61,6
George W. Bush,25/07/2008,27/07/2008,32,65,3
George W. Bush,10/07/2008,13/07/2008,31,61,8
George W. Bush,15/06/2008,19/06/2008,28,68,4
George W. Bush,09/06/2008,12/06/2008,30,64,6
George W. Bush,30/05/2008,01/06/2008,28,68,4
George W. Bush,08/05/2008,11/05/2008,29,65,6
George W. Bush,01/05/2008,03/05/2008,28,67,5
George W. Bush,18/04/2008,20/04/2008,28,69,3
George W. Bush,06/04/2008,09/04/2008,28,67,5
George W. Bush,14/03/2008,16/03/2008,32,64,4
George W. Bush,06/03/2008,09/03/2008,32,64,4
George W. Bush,21/02/2008,24/02/2008,32,62,6
George W. Bush,11/02/2008,14/02/2008,31,65,4
George W. Bush,08/02/2008,10/02/2008,33,61,6
George W. Bush,30/01/2008,02/02/2008,34,61,5
George W. Bush,10/01/2008,13/01/2008,34,60,6
George W. Bush,04/01/2008,06/01/2008,32,64,4
George W. Bush,14/12/2007,16/12/2007,32,65,3
George W. Bush,06/12/2007,09/12/2007,37,57,6
George W. Bush,30/11/2007,02/12/2007,34,62,4
George W. Bush,11/11/2007,14/11/2007,32,61,7
George W. Bush,02/11/2007,04/11/2007,31,64,5
George W. Bush,12/10/2007,14/10/2007,32,64,4
George W. Bush,04/10/2007,07/10/2007,32,64,4
George W. Bush,14/09/2007,16/09/2007,36,62,2
George W. Bush,07/09/2007,08/09/2007,33,62,5
George W. Bush,13/08/2007,16/08/2007,32,63,5
George W. Bush,03/08/2007,05/08/2007,34,62,4
George W. Bush,12/07/2007,15/07/2007,31,63,6
George W. Bush,06/07/2007,08/07/2007,29,66,5
George W. Bush,11/06/2007,14/06/2007,32,65,3
George W. Bush,01/06/2007,03/06/2007,32,62,6
George W. Bush,10/05/2007,13/05/2007,33,62,5
George W. Bush,04/05/2007,06/05/2007,34,63,3
George W. Bush,13/04/2007,15/04/2007,36,60,4
George W. Bush,02/04/2007,05/04/2007,38,58,4
George W. Bush,23/03/2007,25/03/2007,34,62,4
George W. Bush,11/03/2007,14/03/2007,35,61,4
George W. Bush,02/03/2007,04/03/2007,33,63,4
George W. Bush,09/02/2007,11/02/2007,37,59,4
George W. Bush,01/02/2007,04/02/2007,32,65,3
George W. Bush,15/01/2007,18/01/2007,36,61,3
George W. Bush,12/01/2007,14/01/2007,34,63,3
George W. Bush,05/01/2007,07/01/2007,37,59,4
George W. Bush,11/12/2006,14/12/2006,35,61,4
George W. Bush,08/12/2006,10/12/2006,38,59,3
George W. Bush,09/11/2006,12/11/2006,37,62,1
George W. Bush,02/11/2006,05/11/2006,38,56,6
George W. Bush,20/10/2006,22/10/2006,37,58,5
George W. Bush,09/10/2006,12/10/2006,37,57,6
George W. Bush,06/10/2006,08/10/2006,37,59,4
George W. Bush,15/09/2006,17/09/2006,44,51,5
George W. Bush,07/09/2006,10/09/2006,39,56,5
George W. Bush,18/08/2006,20/08/2006,42,54,4
George W. Bush,07/08/2006,10/08/2006,37,59,4
George W. Bush,28/07/2006,30/07/2006,40,56,4
George W. Bush,21/07/2006,23/07/2006,37,59,4
George W. Bush,06/07/2006,09/07/2006,40,55,5
George W. Bush,23/06/2006,25/06/2006,37,60,3
George W. Bush,09/06/2006,11/06/2006,38,56,6
George W. Bush,01/06/2006,04/06/2006,36,57,7
George W. Bush,08/05/2006,11/05/2006,33,61,6
George W. Bush,05/05/2006,07/05/2006,31,61,8
George W. Bush,28/04/2006,30/04/2006,34,65,1
George W. Bush,10/04/2006,13/04/2006,36,63,1
George W. Bush,07/04/2006,09/04/2006,37,60,3
George W. Bush,13/03/2006,16/03/2006,37,59,4
George W. Bush,10/03/2006,12/03/2006,36,60,4
George W. Bush,28/02/2006,01/03/2006,38,60,2
George W. Bush,09/02/2006,12/02/2006,39,56,5
George W. Bush,06/02/2006,09/02/2006,42,55,3
George W. Bush,20/01/2006,22/01/2006,43,54,3
George W. Bush,09/01/2006,12/01/2006,43,53,4
George W. Bush,06/01/2006,08/01/2006,43,54,3
George W. Bush,19/12/2005,22/12/2005,43,53,4
George W. Bush,16/12/2005,18/12/2005,41,56,3
George W. Bush,09/12/2005,11/12/2005,42,55,3
George W. Bush,05/12/2005,08/12/2005,43,52,5
George W. Bush,17/11/2005,20/11/2005,38,57,5
George W. Bush,11/11/2005,13/11/2005,37,60,3
George W. Bush,07/11/2005,10/11/2005,40,55,5
George W. Bush,28/10/2005,30/10/2005,41,56,3
George W. Bush,21/10/2005,23/10/2005,42,55,3
George W. Bush,13/10/2005,16/10/2005,39,58,3
George W. Bush,26/09/2005,28/09/2005,44,50,6
George W. Bush,16/09/2005,18/09/2005,40,58,2
George W. Bush,12/09/2005,15/09/2005,45,52,3
George W. Bush,08/09/2005,11/09/2005,46,51,3
George W. Bush,28/08/2005,30/08/2005,45,52,3
George W. Bush,22/08/2005,25/08/2005,40,58,2
George W. Bush,08/08/2005,11/08/2005,45,51,4
George W. Bush,05/08/2005,07/08/2005,45,51,4
George W. Bush,25/07/2005,28/07/2005,44,51,5
George W. Bush,22/07/2005,24/07/2005,49,48,3
George W. Bush,07/07/2005,10/07/2005,49,48,3
George W. Bush,29/06/2005,30/06/2005,46,51,3
George W. Bush,24/06/2005,26/06/2005,45,53,2
George W. Bush,16/06/2005,19/06/2005,47,51,2
George W. Bush,06/06/2005,08/06/2005,47,49,4
George W. Bush,23/05/2005,26/05/2005,48,47,5
George W. Bush,20/05/2005,22/05/2005,46,50,4
George W. Bush,02/05/2005,05/05/2005,50,45,5
George W. Bush,29/04/2005,01/05/2005,48,49,3
George W. Bush,18/04/2005,21/04/2005,48,49,3
George W. Bush,04/04/2005,07/04/2005,50,45,5
George W. Bush,01/04/2005,02/04/2005,48,48,4
George W. Bush,21/03/2005,23/03/2005,45,49,6
George W. Bush,18/03/2005,20/03/2005,52,44,4
George W. Bush,07/03/2005,10/03/2005,52,44,4
George W. Bush,25/02/2005,27/02/2005,52,45,3
George W. Bush,21/02/2005,24/02/2005,51,45,4
George W. Bush,07/02/2005,10/02/2005,49,48,3
George W. Bush,04/02/2005,06/02/2005,57,40,3
George W. Bush,14/01/2005,16/01/2005,51,46,3
George W. Bush,07/01/2005,09/01/2005,52,44,4
George W. Bush,03/01/2005,05/01/2005,52,44,4
George W. Bush,17/12/2004,19/12/2004,49,46,5
George W. Bush,05/12/2004,08/12/2004,53,44,3
George W. Bush,19/11/2004,21/11/2004,55,42,3
George W. Bush,07/11/2004,10/11/2004,53,44,3
George W. Bush,29/10/2004,31/10/2004,48,47,5
George W. Bush,22/10/2004,24/10/2004,51,46,3
George W. Bush,14/10/2004,16/10/2004,51,47,2
George W. Bush,11/10/2004,14/10/2004,48,49,3
George W. Bush,09/10/2004,10/10/2004,47,49,4
George W. Bush,01/10/2004,03/10/2004,50,48,2
George W. Bush,24/09/2004,26/09/2004,54,44,2
George W. Bush,13/09/2004,15/09/2004,52,45,3
George W. Bush,03/09/2004,05/09/2004,52,46,2
George W. Bush,23/08/2004,25/08/2004,49,47,4
George W. Bush,09/08/2004,11/08/2004,51,46,3
George W. Bush,30/07/2004,01/08/2004,48,49,3
George W. Bush,19/07/2004,21/07/2004,49,47,4
George W. Bush,08/07/2004,11/07/2004,47,49,4
George W. Bush,21/06/2004,23/06/2004,48,49,3
George W. Bush,03/06/2004,06/06/2004,49,49,2
George W. Bush,21/05/2004,23/05/2004,47,49,4
George W. Bush,07/05/2004,09/05/2004,46,51,3
George W. Bush,02/05/2004,04/05/2004,49,48,3
George W. Bush,16/04/2004,18/04/2004,52,45,3
George W. Bush,05/04/2004,08/04/2004,52,45,3
George W. Bush,26/03/2004,28/03/2004,53,44,3
George W. Bush,08/03/2004,11/03/2004,50,47,3
George W. Bush,05/03/2004,07/03/2004,49,48,3
George W. Bush,16/02/2004,17/02/2004,51,46,3
George W. Bush,09/02/2004,12/02/2004,51,46,3
George W. Bush,06/02/2004,08/02/2004,52,44,4
George W. Bush,29/01/2004,01/02/2004,49,48,3
George W. Bush,12/01/2004,15/01/2004,53,44,3
George W. Bush,09/01/2004,11/01/2004,59,38,3
George W. Bush,02/01/2004,05/01/2004,60,35,5
George W. Bush,15/12/2003,16/12/2003,63,34,3
George W. Bush,11/12/2003,14/12/2003,56,41,3
George W. Bush,05/12/2003,07/12/2003,55,43,2
George W. Bush,14/11/2003,16/11/2003,50,47,3
George W. Bush,10/11/2003,12/11/2003,51,45,4
George W. Bush,03/11/2003,05/11/2003,54,43,3
George W. Bush,24/10/2003,26/10/2003,53,42,5
George W. Bush,10/10/2003,12/10/2003,56,40,4
George W. Bush,06/10/2003,08/10/2003,55,42,3
George W. Bush,19/09/2003,21/09/2003,50,47,3
George W. Bush,08/09/2003,10/09/2003,52,43,5
George W. Bush,25/08/2003,26/08/2003,59,37,4
George W. Bush,04/08/2003,06/08/2003,60,36,4
George W. Bush,25/07/2003,27/07/2003,58,38,4
George W. Bush,18/07/2003,20/07/2003,59,38,3
George W. Bush,07/07/2003,09/07/2003,62,34,4
George W. Bush,27/06/2003,29/06/2003,61,36,3
George W. Bush,12/06/2003,15/06/2003,63,33,4
George W. Bush,09/06/2003,10/06/2003,62,34,4
George W. Bush,30/05/2003,01/06/2003,64,32,4
George W. Bush,19/05/2003,21/05/2003,66,30,4
George W. Bush,05/05/2003,07/05/2003,69,28,3
George W. Bush,22/04/2003,23/04/2003,70,26,4
George W. Bush,14/04/2003,16/04/2003,71,24,5
George W. Bush,07/04/2003,09/04/2003,69,26,5
George W. Bush,05/04/2003,06/04/2003,70,27,3
George W. Bush,29/03/2003,30/03/2003,71,26,3
George W. Bush,24/03/2003,25/03/2003,69,27,4
George W. Bush,22/03/2003,23/03/2003,71,25,4
George W. Bush,14/03/2003,15/03/2003,58,38,4
George W. Bush,03/03/2003,05/03/2003,57,37,6
George W. Bush,24/02/2003,26/02/2003,57,37,6
George W. Bush,17/02/2003,19/02/2003,58,37,5
George W. Bush,07/02/2003,09/02/2003,61,34,5
George W. Bush,03/02/2003,06/02/2003,59,35,6
George W. Bush,31/01/2003,02/02/2003,61,35,4
George W. Bush,23/01/2003,25/01/2003,60,36,4
George W. Bush,20/01/2003,22/01/2003,58,36,6
George W. Bush,13/01/2003,16/01/2003,61,34,5
George W. Bush,10/01/2003,12/01/2003,58,37,5
George W. Bush,03/01/2003,05/01/2003,63,32,5
George W. Bush,19/12/2002,22/12/2002,61,32,7
George W. Bush,16/12/2002,17/12/2002,63,33,4
George W. Bush,09/12/2002,10/12/2002,63,32,5
George W. Bush,05/12/2002,08/12/2002,64,29,7
George W. Bush,22/11/2002,24/11/2002,65,28,7
George W. Bush,11/11/2002,14/11/2002,66,26,8
George W. Bush,08/11/2002,10/11/2002,68,27,5
George W. Bush,31/10/2002,03/11/2002,63,29,8
George W. Bush,21/10/2002,22/10/2002,67,28,5
George W. Bush,14/10/2002,17/10/2002,62,31,7
George W. Bush,03/10/2002,06/10/2002,67,28,5
George W. Bush,23/09/2002,26/09/2002,68,26,6
George W. Bush,20/09/2002,22/09/2002,66,30,4
George W. Bush,13/09/2002,16/09/2002,70,26,4
George W. Bush,05/09/2002,08/09/2002,66,30,4
George W. Bush,02/09/2002,04/09/2002,66,29,5
George W. Bush,19/08/2002,21/08/2002,65,28,7
George W. Bush,05/08/2002,08/08/2002,68,26,6
George W. Bush,29/07/2002,31/07/2002,71,23,6
George W. Bush,26/07/2002,28/07/2002,69,26,5
George W. Bush,22/07/2002,24/07/2002,69,24,7
George W. Bush,09/07/2002,11/07/2002,73,21,6
George W. Bush,05/07/2002,08/07/2002,76,18,6
George W. Bush,28/06/2002,30/06/2002,76,19,5
George W. Bush,21/06/2002,23/06/2002,73,21,6
George W. Bush,17/06/2002,19/06/2002,74,20,6
George W. Bush,07/06/2002,08/06/2002,74,18,8
George W. Bush,03/06/2002,06/06/2002,70,23,7
George W. Bush,28/05/2002,29/05/2002,77,17,6
George W. Bush,20/05/2002,22/05/2002,76,17,7
George W. Bush,06/05/2002,09/05/2002,76,19,5
George W. Bush,29/04/2002,01/05/2002,77,20,3
George W. Bush,22/04/2002,24/04/2002,77,17,6
George W. Bush,08/04/2002,11/04/2002,75,20,5
George W. Bush,05/04/2002,07/04/2002,76,19,5
George W. Bush,22/03/2002,24/03/2002,79,17,4
George W. Bush,18/03/2002,20/03/2002,79,16,5
George W. Bush,08/03/2002,09/03/2002,80,14,6
George W. Bush,04/03/2002,07/03/2002,77,18,5
George W. Bush,01/03/2002,03/03/2002,81,14,5
George W. Bush,08/02/2002,10/02/2002,82,14,4
George W. Bush,04/02/2002,06/02/2002,82,14,4
George W. Bush,25/01/2002,27/01/2002,84,13,3
George W. Bush,11/01/2002,14/01/2002,83,13,4
George W. Bush,07/01/2002,09/01/2002,84,12,4
George W. Bush,14/12/2001,16/12/2001,86,11,3
George W. Bush,06/12/2001,09/12/2001,86,10,4
George W. Bush,26/11/2001,27/11/2001,87,8,5
George W. Bush,08/11/2001,11/11/2001,87,9,4
George W. Bush,02/11/2001,04/11/2001,87,9,4
George W. Bush,19/10/2001,21/10/2001,88,9,3
George W. Bush,11/10/2001,14/10/2001,89,8,3
George W. Bush,05/10/2001,06/10/2001,87,10,3
George W. Bush,21/09/2001,22/09/2001,90,6,4
George W. Bush,14/09/2001,15/09/2001,86,10,4
George W. Bush,07/09/2001,10/09/2001,51,39,10
George W. Bush,24/08/2001,26/08/2001,55,36,9
George W. Bush,16/08/2001,19/08/2001,57,34,9
George W. Bush,10/08/2001,12/08/2001,57,35,8
George W. Bush,03/08/2001,05/08/2001,55,35,10
George W. Bush,19/07/2001,22/07/2001,56,33,11
George W. Bush,10/07/2001,11/07/2001,57,35,8
George W. Bush,28/06/2001,01/07/2001,52,34,14
George W. Bush,11/06/2001,17/06/2001,55,33,12
George W. Bush,08/06/2001,10/06/2001,55,35,10
George W. Bush,18/05/2001,20/05/2001,56,36,8
George W. Bush,10/05/2001,14/05/2001,56,31,13
George W. Bush,07/05/2001,09/05/2001,53,33,14
George W. Bush,20/04/2001,22/04/2001,62,29,9
George W. Bush,06/04/2001,08/04/2001,59,30,11
George W. Bush,26/03/2001,28/03/2001,53,29,18
George W. Bush,09/03/2001,11/03/2001,58,29,13
George W. Bush,05/03/2001,07/03/2001,63,22,15
George W. Bush,19/02/2001,21/02/2001,62,21,17
George W. Bush,09/02/2001,11/02/2001,57,25,18
George W. Bush,01/02/2001,04/02/2001,57,25,18
Donald Trump,04/01/2021,15/01/2021,34,62,4
Donald Trump,01/12/2020,17/12/2020,39,57,4
Donald Trump,05/11/2020,19/11/2020,43,55,2
Donald Trump,16/10/2020,27/10/2020,46,52,2
Donald Trump,30/09/2020,15/10/2020,43,55,2
Donald Trump,14/09/2020,28/09/2020,46,52,2
Donald Trump,31/08/2020,13/09/2020,42,56,2
Donald Trump,30/07/2020,12/08/2020,42,55,3
Donald Trump,01/07/2020,23/07/2020,41,56,3
Donald Trump,08/06/2020,30/06/2020,38,57,5
Donald Trump,28/05/2020,04/06/2020,39,57,4
Donald Trump,01/05/2020,13/05/2020,49,48,3
Donald Trump,14/04/2020,28/04/2020,49,47,4
Donald Trump,01/04/2020,14/04/2020,43,54,3
Donald Trump,13/03/2020,22/03/2020,49,45,6
Donald Trump,02/03/2020,13/03/2020,44,52,4
Donald Trump,17/02/2020,28/02/2020,47,51,2
Donald Trump,03/02/2020,16/02/2020,49,48,3
Donald Trump,16/01/2020,29/01/2020,49,50,1
Donald Trump,02/01/2020,15/01/2020,44,53,3
Donald Trump,02/12/2019,15/12/2019,45,51,4
Donald Trump,01/11/2019,14/11/2019,43,54,3
Donald Trump,14/10/2019,31/10/2019,41,57,2
Donald Trump,01/10/2019,13/10/2019,39,57,4
Donald Trump,16/09/2019,30/09/2019,40,56,4
Donald Trump,03/09/2019,15/09/2019,43,54,3
Donald Trump,15/08/2019,30/08/2019,39,57,4
Donald Trump,01/08/2019,14/08/2019,41,54,5
Donald Trump,15/07/2019,31/07/2019,42,54,4
Donald Trump,01/07/2019,12/07/2019,44,51,5
Donald Trump,19/06/2019,30/06/2019,41,54,5
Donald Trump,03/06/2019,16/06/2019,43,55,2
Donald Trump,15/05/2019,30/05/2019,40,55,5
Donald Trump,01/05/2019,12/05/2019,42,52,6
Donald Trump,17/04/2019,30/04/2019,46,50,4
Donald Trump,01/04/2019,09/04/2019,45,51,4
Donald Trump,01/03/2019,10/03/2019,39,57,4
Donald Trump,12/02/2019,28/02/2019,43,54,3
Donald Trump,01/02/2019,10/02/2019,44,52,4
Donald Trump,21/01/2019,27/01/2019,37,59,4
Donald Trump,02/01/2019,10/01/2019,37,59,4
Donald Trump,17/12/2018,22/12/2018,39,55,6
Donald Trump,10/12/2018,16/12/2018,38,57,5
Donald Trump,03/12/2018,09/12/2018,40,56,4
Donald Trump,26/11/2018,02/12/2018,40,56,4
Donald Trump,19/11/2018,25/11/2018,38,60,2
Donald Trump,12/11/2018,18/11/2018,43,53,4
Donald Trump,05/11/2018,11/11/2018,38,56,6
Donald Trump,29/10/2018,04/11/2018,40,54,6
Donald Trump,22/10/2018,28/10/2018,40,54,6
Donald Trump,15/10/2018,21/10/2018,44,50,6
Donald Trump,08/10/2018,14/10/2018,44,51,5
Donald Trump,01/10/2018,07/10/2018,43,53,4
Donald Trump,24/09/2018,30/09/2018,42,53,5
Donald Trump,17/09/2018,23/09/2018,40,56,4
Donald Trump,10/09/2018,16/09/2018,38,56,6
Donald Trump,03/09/2018,09/09/2018,40,54,6
Donald Trump,27/08/2018,02/09/2018,41,53,6
Donald Trump,20/08/2018,26/08/2018,41,54,5
Donald Trump,13/08/2018,19/08/2018,42,52,6
Donald Trump,06/08/2018,12/08/2018,39,56,5
Donald Trump,30/07/2018,05/08/2018,41,54,5
Donald Trump,23/07/2018,29/07/2018,40,55,5
Donald Trump,16/07/2018,22/07/2018,42,54,4
Donald Trump,09/07/2018,15/07/2018,43,52,5
Donald Trump,02/07/2018,08/07/2018,41,56,3
Donald Trump,25/06/2018,01/07/2018,42,53,5
Donald Trump,18/06/2018,24/06/2018,41,55,4
Donald Trump,11/06/2018,17/06/2018,45,50,5
Donald Trump,04/06/2018,10/06/2018,42,54,4
Donald Trump,28/05/2018,03/06/2018,41,55,4
Donald Trump,21/05/2018,27/05/2018,40,55,5
Donald Trump,14/05/2018,20/05/2018,42,54,4
Donald Trump,07/05/2018,13/05/2018,43,52,5
Donald Trump,30/04/2018,06/05/2018,42,52,6
Donald Trump,23/04/2018,29/04/2018,42,53,5
Donald Trump,16/04/2018,22/04/2018,39,55,6
Donald Trump,09/04/2018,15/04/2018,39,55,6
Donald Trump,02/04/2018,08/04/2018,41,54,5
Donald Trump,26/03/2018,01/04/2018,39,56,5
Donald Trump,19/03/2018,25/03/2018,39,55,6
Donald Trump,12/03/2018,18/03/2018,40,56,4
Donald Trump,05/03/2018,11/03/2018,39,56,5
Donald Trump,26/02/2018,04/03/2018,39,55,6
Donald Trump,19/02/2018,25/02/2018,39,56,5
Donald Trump,12/02/2018,18/02/2018,37,59,4
Donald Trump,05/02/2018,11/02/2018,40,57,3
Donald Trump,29/01/2018,04/02/2018,40,57,3
Donald Trump,21/01/2018,28/01/2018,38,58,4
Donald Trump,15/01/2018,21/01/2018,36,59,5
Donald Trump,08/01/2018,14/01/2018,38,57,5
Donald Trump,01/01/2018,07/01/2018,37,58,5
Donald Trump,25/12/2017,31/12/2017,39,55,6
Donald Trump,18/12/2017,24/12/2017,37,57,6
Donald Trump,11/12/2017,17/12/2017,35,60,5
Donald Trump,04/12/2017,10/12/2017,36,59,5
Donald Trump,27/11/2017,03/12/2017,35,59,6
Donald Trump,20/11/2017,26/11/2017,37,56,7
Donald Trump,13/11/2017,19/11/2017,38,57,5
Donald Trump,06/11/2017,12/11/2017,38,56,6
Donald Trump,30/10/2017,05/11/2017,38,58,4
Donald Trump,23/10/2017,29/10/2017,35,60,5
Donald Trump,16/10/2017,22/10/2017,36,58,6
Donald Trump,09/10/2017,15/10/2017,37,57,6
Donald Trump,02/10/2017,08/10/2017,38,56,6
Donald Trump,25/09/2017,01/10/2017,37,58,5
Donald Trump,18/09/2017,24/09/2017,38,55,7
Donald Trump,11/09/2017,17/09/2017,38,57,5
Donald Trump,04/09/2017,10/09/2017,37,57,6
Donald Trump,28/08/2017,03/09/2017,36,59,5
Donald Trump,21/08/2017,27/08/2017,35,60,5
Donald Trump,14/08/2017,20/08/2017,37,58,5
Donald Trump,07/08/2017,13/08/2017,36,58,6
Donald Trump,31/07/2017,06/08/2017,37,58,5
Donald Trump,24/07/2017,30/07/2017,38,57,5
Donald Trump,17/07/2017,23/07/2017,37,58,5
Donald Trump,10/07/2017,16/07/2017,39,56,5
Donald Trump,03/07/2017,09/07/2017,38,57,5
Donald Trump,26/06/2017,02/07/2017,39,56,5
Donald Trump,19/06/2017,25/06/2017,39,56,5
Donald Trump,12/06/2017,18/06/2017,38,57,5
Donald Trump,05/06/2017,11/06/2017,37,58,5
Donald Trump,29/05/2017,04/06/2017,38,56,6
Donald Trump,22/05/2017,28/05/2017,41,54,5
Donald Trump,15/05/2017,21/05/2017,38,56,6
Donald Trump,08/05/2017,14/05/2017,38,56,6
Donald Trump,01/05/2017,07/05/2017,42,53,5
Donald Trump,24/04/2017,30/04/2017,41,54,5
Donald Trump,17/04/2017,23/04/2017,41,52,7
Donald Trump,10/04/2017,16/04/2017,40,54,6
Donald Trump,03/04/2017,09/04/2017,40,53,7
Donald Trump,27/03/2017,02/04/2017,38,57,5
Donald Trump,20/03/2017,26/03/2017,39,56,5
Donald Trump,13/03/2017,19/03/2017,40,55,5
Donald Trump,06/03/2017,12/03/2017,42,52,6
Donald Trump,27/02/2017,05/03/2017,43,51,6
Donald Trump,20/02/2017,26/02/2017,42,53,5
Donald Trump,13/02/2017,19/02/2017,40,54,6
Donald Trump,06/02/2017,12/02/2017,41,53,6
Donald Trump,30/01/2017,05/02/2017,43,52,5
Donald Trump,20/01/2017,29/01/2017,45,47,8